filename,width,height,class,xmin,ymin,xmax,ymax
c_1522739071935343056761.png,350,232,nail,41,67,97,120
c_1522739071935343056761.png,350,232,nail,110,113,167,175
c_1522739071935343056761.png,350,232,nail,169,135,230,193
c_1522739071935343056761.png,350,232,nail,240,104,305,168
nails_66.jpg,225,225,nail,27,78,51,112
nails_66.jpg,225,225,nail,66,28,89,66
nails_66.jpg,225,225,nail,94,10,117,48
nails_66.jpg,225,225,nail,127,24,150,62
nails_66.jpg,225,225,nail,196,108,225,154
k_72.jpg,287,176,nail,58,52,157,151
k_72.jpg,287,176,nail,142,42,254,136
k_63.jpg,100,100,nail,27,84,38,95
k_63.jpg,100,100,nail,11,87,20,98
k_63.jpg,100,100,nail,1,82,8,93
k_63.jpg,100,100,nail,50,51,60,62
k_63.jpg,100,100,nail,54,79,65,92
k_63.jpg,100,100,nail,77,82,89,94
k_63.jpg,100,100,nail,92,77,100,88
c_1522741071849632875158.png,376,391,nail,35,144,320,381
b_34.png,258,204,nail,44,123,140,196
b_34.png,258,204,nail,149,72,238,140
b_18.jpg,277,182,nail,43,58,141,159
b_18.jpg,277,182,nail,137,56,235,158
nails_85.jpg,194,259,nail,82,52,126,98
nails_85.jpg,194,259,nail,78,98,120,140
nails_85.jpg,194,259,nail,74,138,120,180
nails_85.jpg,194,259,nail,66,172,104,213
c_1522738014147941191229.png,410,325,nail,18,209,49,240
c_1522738014147941191229.png,410,325,nail,57,247,98,294
c_1522738014147941191229.png,410,325,nail,102,268,143,312
c_1522738014147941191229.png,410,325,nail,139,238,175,279
c_1522738014147941191229.png,410,325,nail,177,116,207,150
c_1522738014147941191229.png,410,325,nail,257,230,295,266
c_1522739297445323448691.png,400,300,nail,54,94,194,217
k_81.jpg,280,180,nail,43,53,130,141
nails_16.jpg,275,183,nail,11,49,75,125
nails_16.jpg,275,183,nail,75,48,144,126
nails_16.jpg,275,183,nail,140,44,202,115
nails_16.jpg,275,183,nail,201,43,255,112
c_15227390020721409017693.png,281,179,nail,84,76,222,174
c_15227390020721409017693.png,281,179,nail,163,30,276,110
c_15227390020721409017693.png,281,179,nail,145,1,221,39
c_15227391918731698900327.png,416,354,nail,71,122,247,310
k_22.jpg,1080,608,nail,27,349,97,407
k_22.jpg,1080,608,nail,119,448,190,517
k_22.jpg,1080,608,nail,189,488,273,557
k_22.jpg,1080,608,nail,260,411,337,476
k_22.jpg,1080,608,nail,619,429,683,489
k_22.jpg,1080,608,nail,687,505,762,581
k_22.jpg,1080,608,nail,750,453,824,537
k_22.jpg,1080,608,nail,830,354,892,424
k_41.jpg,193,186,nail,40,62,189,178
c_15227380732951173964625.png,194,259,nail,71,41,92,60
c_15227380732951173964625.png,194,259,nail,98,26,120,52
c_15227380732951173964625.png,194,259,nail,123,38,146,60
c_15227380732951173964625.png,194,259,nail,159,67,180,88
c_15227380732951173964625.png,194,259,nail,30,111,51,131
nails_36.jpg,259,194,nail,38,73,63,99
nails_36.jpg,259,194,nail,80,30,109,61
nails_36.jpg,259,194,nail,118,9,151,44
nails_36.jpg,259,194,nail,168,28,197,65
nails_36.jpg,259,194,nail,213,135,240,177
nails_92.jpg,311,162,nail,59,4,236,152
k_42.jpg,191,154,nail,6,63,135,151
k_42.jpg,191,154,nail,136,101,191,152
b_43.jpg,1280,587,nail,28,259,147,400
b_43.jpg,1280,587,nail,396,387,553,539
b_43.jpg,1280,587,nail,651,224,821,419
b_43.jpg,1280,587,nail,878,374,1073,557
b_43.jpg,1280,587,nail,1088,266,1248,450
k_44.jpg,262,161,nail,1,26,90,114
k_44.jpg,262,161,nail,92,66,184,149
k_44.jpg,262,161,nail,181,25,260,90
k_82.jpg,300,204,nail,164,65,278,185
k_76.png,808,534,nail,21,79,768,432
c_15227389585011163481936.png,443,332,nail,299,139,361,204
c_15227389585011163481936.png,443,332,nail,275,97,326,146
c_15227389585011163481936.png,443,332,nail,228,63,268,102
k_40.jpg,166,187,nail,3,62,166,183
nails_88.jpg,259,194,nail,33,92,80,131
nails_88.jpg,259,194,nail,67,61,108,110
nails_88.jpg,259,194,nail,95,47,140,92
nails_88.jpg,259,194,nail,131,27,179,69
nails_88.jpg,259,194,nail,128,89,204,148
k_83.jpg,768,356,nail,379,114,445,186
k_83.jpg,768,356,nail,417,34,490,104
k_83.jpg,768,356,nail,502,58,578,123
k_83.jpg,768,356,nail,631,124,700,190
k_83.jpg,768,356,nail,48,207,105,269
k_83.jpg,768,356,nail,11,275,76,324
k_83.jpg,768,356,nail,122,228,180,277
nails_14.jpg,520,346,nail,115,79,192,167
nails_14.jpg,520,346,nail,187,113,282,216
nails_14.jpg,520,346,nail,280,183,378,305
nails_14.jpg,520,346,nail,376,205,462,317
c_15227376625871246529008.png,220,200,nail,45,17,110,90
c_15227376625871246529008.png,220,200,nail,47,115,127,189
k_14.jpg,744,497,nail,2,252,50,309
k_14.jpg,744,497,nail,104,351,168,418
k_14.jpg,744,497,nail,177,388,241,454
k_14.jpg,744,497,nail,240,336,307,400
k_14.jpg,744,497,nail,465,357,521,418
k_14.jpg,744,497,nail,397,130,452,199
k_14.jpg,744,497,nail,527,394,586,459
k_14.jpg,744,497,nail,594,354,653,414
k_14.jpg,744,497,nail,692,249,735,302
c_15227377261391250903368.png,248,160,nail,85,85,154,155
c_15227377261391250903368.png,248,160,nail,155,66,230,134
c_15227377261391250903368.png,248,160,nail,175,10,243,74
c_1522741030745537459410.png,259,195,nail,102,84,163,132
k_52.jpg,256,256,nail,165,202,238,256
b_68.jpg,800,521,nail,117,212,306,406
b_3.jpg,380,380,nail,17,44,369,360
k_67.jpg,1017,527,nail,391,1,546,140
k_67.jpg,1017,527,nail,517,145,687,318
k_67.jpg,1017,527,nail,706,395,866,527
nails_8.jpg,294,172,nail,5,80,32,119
nails_8.jpg,294,172,nail,33,65,62,98
nails_8.jpg,294,172,nail,101,80,128,115
nails_8.jpg,294,172,nail,146,103,180,142
nails_8.jpg,294,172,nail,191,81,220,123
nails_8.jpg,294,172,nail,249,39,280,76
c_15227410598901311363963.png,330,445,nail,2,340,28,372
c_15227410598901311363963.png,330,445,nail,41,377,75,416
c_15227410598901311363963.png,330,445,nail,85,388,118,425
c_15227410598901311363963.png,330,445,nail,125,375,158,410
c_15227410598901311363963.png,330,445,nail,151,302,174,335
c_15227410598901311363963.png,330,445,nail,200,379,228,412
c_15227410598901311363963.png,330,445,nail,231,385,263,424
c_15227410598901311363963.png,330,445,nail,263,379,295,414
c_15227410598901311363963.png,330,445,nail,304,343,330,376
c_15227412215041362887562.png,300,225,nail,42,142,91,182
c_15227412215041362887562.png,300,225,nail,114,174,163,214
c_15227412215041362887562.png,300,225,nail,163,172,212,212
c_15227412215041362887562.png,300,225,nail,204,141,253,181
nails_34.jpg,640,480,nail,141,120,304,306
nails_34.jpg,640,480,nail,303,75,468,260
nails_34.jpg,640,480,nail,434,269,588,443
nails_45.jpg,650,434,nail,141,146,221,223
nails_45.jpg,650,434,nail,252,89,333,188
nails_45.jpg,650,434,nail,328,141,407,225
nails_45.jpg,650,434,nail,507,275,578,359
b_6.jpg,84,81,nail,46,16,75,42
b_6.jpg,84,81,nail,11,52,36,76
c_152273880878628989200.png,512,287,nail,51,27,297,277
c_1522738869537234648313.png,275,183,nail,67,76,123,140
c_1522738869537234648313.png,275,183,nail,151,83,216,151
k_37.jpg,142,230,nail,4,31,119,178
b_51.jpg,327,245,nail,42,132,103,193
b_51.jpg,327,245,nail,90,118,156,183
b_51.jpg,327,245,nail,146,110,214,179
b_51.jpg,327,245,nail,210,94,270,164
nails_81.jpg,299,168,nail,149,131,176,158
nails_81.jpg,299,168,nail,189,132,215,163
nails_81.jpg,299,168,nail,250,122,273,148
nails_81.jpg,299,168,nail,129,12,158,34
c_15227386043771962095517.png,450,299,nail,39,90,138,196
c_15227386043771962095517.png,450,299,nail,183,131,281,234
c_15227386043771962095517.png,450,299,nail,318,74,416,184
nails_6.jpg,1600,1200,nail,403,137,776,684
nails_6.jpg,1600,1200,nail,687,473,1092,995
nails_6.jpg,1600,1200,nail,951,773,1293,1200
nails_77.jpg,173,195,nail,10,4,172,157
nails_79.jpg,259,194,nail,9,109,43,136
nails_79.jpg,259,194,nail,54,16,87,45
nails_79.jpg,259,194,nail,107,4,145,36
nails_79.jpg,259,194,nail,167,25,200,65
nails_79.jpg,259,194,nail,217,86,251,123
nails_1.jpg,358,141,nail,5,16,86,116
nails_1.jpg,358,141,nail,86,16,185,117
nails_1.jpg,358,141,nail,185,16,279,119
nails_1.jpg,358,141,nail,278,17,358,120
b_25.jpg,480,359,nail,43,82,112,141
b_25.jpg,480,359,nail,182,18,257,89
b_25.jpg,480,359,nail,298,68,369,133
b_25.jpg,480,359,nail,403,202,472,270
k_34.jpg,3456,2592,nail,47,2034,420,2330
k_34.jpg,3456,2592,nail,559,2330,905,2592
k_34.jpg,3456,2592,nail,989,2164,1312,2476
k_34.jpg,3456,2592,nail,1039,553,1585,1153
k_34.jpg,3456,2592,nail,1489,687,1997,1214
k_34.jpg,3456,2592,nail,1289,2134,1643,2437
nails_48.jpg,272,185,nail,56,14,107,74
nails_48.jpg,272,185,nail,94,60,148,123
nails_48.jpg,272,185,nail,138,84,192,144
nails_48.jpg,272,185,nail,192,88,229,132
b_62.jpg,259,194,nail,111,63,223,184
k_84.jpg,590,388,nail,458,120,567,221
nails_69.jpg,252,200,nail,106,57,126,79
nails_69.jpg,252,200,nail,117,79,140,103
nails_69.jpg,252,200,nail,126,96,145,121
nails_69.jpg,252,200,nail,138,115,151,133
k_54.jpg,100,100,nail,1,19,55,89
nails_22.jpg,3888,2592,nail,826,848,1217,1400
nails_22.jpg,3888,2592,nail,1217,491,1774,1087
nails_22.jpg,3888,2592,nail,1761,761,2239,1313
nails_22.jpg,3888,2592,nail,2270,1304,2765,1761
nails_49.jpg,259,194,nail,34,29,99,104
nails_49.jpg,259,194,nail,91,47,175,158
nails_49.jpg,259,194,nail,179,48,252,158
nails_72.jpg,320,245,nail,42,107,161,234
nails_72.jpg,320,245,nail,163,107,311,235
b_29.jpg,512,333,nail,138,1,458,333
c_15227390854221574769591.png,365,403,nail,4,168,70,246
c_15227390854221574769591.png,365,403,nail,71,64,141,172
c_15227390854221574769591.png,365,403,nail,156,21,227,139
c_15227390854221574769591.png,365,403,nail,231,40,315,156
c_15227390854221574769591.png,365,403,nail,280,246,362,345
nails_12.jpg,275,183,nail,60,31,106,82
nails_12.jpg,275,183,nail,103,42,155,96
nails_12.jpg,275,183,nail,156,72,215,130
nails_12.jpg,275,183,nail,216,83,264,141
c_1522737845498160883826.png,530,352,nail,136,16,273,145
c_1522737845498160883826.png,530,352,nail,128,129,292,296
k_75.jpg,512,424,nail,63,23,392,421
b_46.jpg,1600,1200,nail,617,564,830,818
b_46.jpg,1600,1200,nail,844,584,1064,827
b_46.jpg,1600,1200,nail,401,579,632,855
b_46.jpg,1600,1200,nail,1075,509,1244,737
c_1522737940240903276887.png,470,313,nail,27,28,108,113
c_1522737940240903276887.png,470,313,nail,142,1,219,69
c_1522737940240903276887.png,470,313,nail,234,15,319,102
c_1522737940240903276887.png,470,313,nail,364,120,441,208
b_35.jpg,264,191,nail,24,85,95,148
b_35.jpg,264,191,nail,111,115,180,174
b_35.jpg,264,191,nail,201,90,264,144
c_15227380978131504264609.png,470,313,nail,82,35,164,131
c_15227380978131504264609.png,470,313,nail,125,119,206,215
c_15227380978131504264609.png,470,313,nail,192,153,291,259
c_15227380978131504264609.png,470,313,nail,287,113,376,216
b_71.jpg,500,326,nail,81,196,198,283
b_71.jpg,500,326,nail,193,129,282,221
nails_50.jpg,281,179,nail,1,90,37,135
nails_50.jpg,281,179,nail,66,26,107,78
nails_50.jpg,281,179,nail,59,107,102,151
nails_50.jpg,281,179,nail,98,61,144,105
nails_50.jpg,281,179,nail,109,4,155,48
nails_50.jpg,281,179,nail,149,38,193,78
nails_50.jpg,281,179,nail,145,81,193,128
nails_13.jpg,272,185,nail,15,50,87,174
nails_13.jpg,272,185,nail,90,30,183,172
nails_13.jpg,272,185,nail,184,28,272,155
k_36.jpg,294,170,nail,90,117,118,148
k_36.jpg,294,170,nail,133,134,161,165
k_36.jpg,294,170,nail,161,119,189,150
k_36.jpg,294,170,nail,190,78,218,109
k_36.jpg,294,170,nail,28,12,66,48
nails_73.jpg,224,225,nail,32,114,83,158
nails_73.jpg,224,225,nail,79,90,127,132
nails_73.jpg,224,225,nail,83,136,141,193
nails_73.jpg,224,225,nail,122,112,167,153
nails_73.jpg,224,225,nail,153,145,196,186
nails_40.jpg,285,177,nail,13,76,49,119
nails_40.jpg,285,177,nail,153,115,191,155
nails_40.jpg,285,177,nail,196,115,236,155
nails_40.jpg,285,177,nail,219,96,261,136
nails_40.jpg,285,177,nail,229,64,260,96
b_41.jpg,300,300,nail,63,35,266,238
c_15227389860281864474324.png,500,373,nail,64,285,146,356
c_15227389860281864474324.png,500,373,nail,11,155,96,219
c_15227389860281864474324.png,500,373,nail,47,75,117,139
c_15227389860281864474324.png,500,373,nail,152,21,206,80
k_73.JPG,1640,1078,nail,330,310,817,759
k_73.JPG,1640,1078,nail,814,442,1338,946
k_16.jpg,300,300,nail,117,46,277,250
nails_99.jpg,259,194,nail,125,111,178,144
nails_99.jpg,259,194,nail,124,37,158,69
nails_99.jpg,259,194,nail,90,10,120,37
nails_99.jpg,259,194,nail,130,87,168,116
c_15227389721681652149253.png,235,214,nail,133,151,174,200
c_15227389721681652149253.png,235,214,nail,173,76,218,121
c_15227389721681652149253.png,235,214,nail,150,14,195,53
nails_52.jpg,266,190,nail,58,89,143,166
nails_52.jpg,266,190,nail,142,92,230,169
nails_31.jpg,800,600,nail,235,140,372,258
nails_31.jpg,800,600,nail,411,71,523,188
nails_31.jpg,800,600,nail,482,278,602,386
nails_31.jpg,800,600,nail,535,355,627,443
nails_31.jpg,800,600,nail,467,175,577,286
c_1522739273978517795706.png,240,320,nail,39,133,119,216
c_1522739273978517795706.png,240,320,nail,78,176,207,279
c_1522739273978517795706.png,240,320,nail,80,78,153,142
c_15227406704091735604436.png,259,194,nail,18,122,51,149
c_15227406704091735604436.png,259,194,nail,60,167,88,194
c_15227406704091735604436.png,259,194,nail,12,84,37,113
c_15227406704091735604436.png,259,194,nail,37,44,64,72
b_32.png,245,206,nail,67,44,111,100
b_32.png,245,206,nail,52,111,95,159
b_32.png,245,206,nail,98,106,142,149
b_32.png,245,206,nail,134,95,175,141
b_32.png,245,206,nail,151,62,193,101
b_20.jpg,198,255,nail,25,92,172,218
nails_33.jpg,360,240,nail,134,11,160,41
nails_33.jpg,360,240,nail,196,1,229,36
nails_33.jpg,360,240,nail,244,6,274,47
nails_33.jpg,360,240,nail,271,56,299,88
nails_33.jpg,360,240,nail,233,194,278,237
nails_87.jpg,308,163,nail,7,89,33,137
nails_87.jpg,308,163,nail,28,87,62,142
nails_87.jpg,308,163,nail,70,85,104,146
nails_87.jpg,308,163,nail,115,85,151,141
nails_87.jpg,308,163,nail,167,82,206,144
nails_87.jpg,308,163,nail,209,77,248,139
nails_87.jpg,308,163,nail,254,78,281,119
b_73.jpg,302,167,nail,5,33,146,164
b_73.jpg,302,167,nail,154,29,299,164
nails_32.JPG,250,187,nail,55,128,103,175
nails_32.JPG,250,187,nail,193,70,231,95
nails_32.JPG,250,187,nail,210,42,239,65
nails_32.JPG,250,187,nail,172,24,206,46
nails_32.JPG,250,187,nail,128,13,156,31
b_42.jpg,955,537,nail,88,124,151,176
b_42.jpg,955,537,nail,315,105,363,169
b_42.jpg,955,537,nail,853,20,926,97
b_42.jpg,955,537,nail,637,78,699,134
b_42.jpg,955,537,nail,408,320,460,401
b_42.jpg,955,537,nail,847,209,897,268
b_12.jpg,285,268,nail,18,104,84,178
b_12.jpg,285,268,nail,90,151,154,217
b_12.jpg,285,268,nail,176,105,237,169
b_12.jpg,285,268,nail,231,25,279,75
k_70.jpg,1024,768,nail,115,374,228,498
k_70.jpg,1024,768,nail,216,378,341,504
k_70.jpg,1024,768,nail,330,355,439,480
k_70.jpg,1024,768,nail,416,338,504,427
k_70.jpg,1024,768,nail,569,303,643,405
k_70.jpg,1024,768,nail,628,271,753,382
k_70.jpg,1024,768,nail,703,183,827,312
k_70.jpg,1024,768,nail,768,101,874,209
b_31.jpg,1200,644,nail,20,155,349,450
b_31.jpg,1200,644,nail,371,251,673,534
b_31.jpg,1200,644,nail,700,311,979,579
b_31.jpg,1200,644,nail,987,267,1200,475
nails_43.jpg,524,350,nail,244,117,300,178
nails_43.jpg,524,350,nail,210,193,253,237
nails_43.jpg,524,350,nail,273,212,321,272
nails_43.jpg,524,350,nail,339,193,379,240
nails_10.jpg,300,222,nail,72,23,117,65
nails_10.jpg,300,222,nail,104,64,139,114
nails_10.jpg,300,222,nail,129,91,165,138
nails_10.jpg,300,222,nail,152,119,182,165
nails_10.jpg,300,222,nail,170,154,199,191
nails_67.jpg,297,170,nail,34,55,51,79
nails_67.jpg,297,170,nail,72,20,94,51
nails_67.jpg,297,170,nail,98,15,119,44
nails_67.jpg,297,170,nail,117,36,141,62
nails_67.jpg,297,170,nail,117,136,139,162
nails_67.jpg,297,170,nail,186,20,204,42
nails_67.jpg,297,170,nail,232,8,255,38
nails_67.jpg,297,170,nail,261,6,286,35
nails_67.jpg,297,170,nail,274,33,295,63
nails_67.jpg,297,170,nail,265,129,283,152
c_15227410204121245383705.png,259,194,nail,55,70,98,118
c_15227410204121245383705.png,259,194,nail,186,41,212,65
c_15227410204121245383705.png,259,194,nail,126,130,171,165
c_15227410204121245383705.png,259,194,nail,179,108,207,150
nails_41.jpg,261,193,nail,56,121,131,186
nails_41.jpg,261,193,nail,116,72,183,147
nails_41.jpg,261,193,nail,142,1,204,63
c_15227388473221731963235.png,421,303,nail,165,148,273,264
c_15227388473221731963235.png,421,303,nail,45,118,153,234
c_15227388473221731963235.png,421,303,nail,20,25,128,141
k_64.jpg,246,162,nail,53,62,127,123
k_64.jpg,246,162,nail,125,63,197,120
k_46.jpg,400,267,nail,176,84,344,232
nails_97.jpg,310,163,nail,43,3,108,76
nails_97.jpg,310,163,nail,56,65,130,161
nails_97.jpg,310,163,nail,125,73,193,162
nails_97.jpg,310,163,nail,233,39,309,113
k_27.jpg,276,182,nail,17,27,261,139
k_39.jpg,284,188,nail,65,126,139,188
k_39.jpg,284,188,nail,105,66,168,132
k_39.jpg,284,188,nail,150,32,213,95
k_39.jpg,284,188,nail,222,60,284,128
k_6.png,512,350,nail,8,98,39,138
k_6.png,512,350,nail,19,26,52,75
k_6.png,512,350,nail,40,6,77,52
k_6.png,512,350,nail,82,14,119,66
k_6.png,512,350,nail,192,137,235,184
k_6.png,512,350,nail,228,145,275,195
k_6.png,512,350,nail,306,42,351,92
k_6.png,512,350,nail,367,20,421,75
k_6.png,512,350,nail,423,53,468,110
k_6.png,512,350,nail,471,137,509,186
b_40.png,283,312,nail,11,28,105,135
b_40.png,283,312,nail,86,136,181,260
b_40.png,283,312,nail,185,183,273,297
nails_28.jpg,600,365,nail,19,11,125,138
nails_28.jpg,600,365,nail,93,5,230,202
nails_28.jpg,600,365,nail,209,66,386,302
nails_28.jpg,600,365,nail,412,55,591,318
b_15.jpg,320,240,nail,13,78,107,167
b_15.jpg,320,240,nail,106,118,200,196
b_15.jpg,320,240,nail,183,44,269,114
b_65.jpg,277,182,nail,2,5,139,135
b_65.jpg,277,182,nail,136,3,277,137
k_24.jpg,380,361,nail,27,121,106,202
k_24.jpg,380,361,nail,133,219,212,300
k_24.jpg,380,361,nail,221,241,300,322
k_24.jpg,380,361,nail,295,148,374,229
c_15227380880631773319071.png,443,332,nail,153,100,236,189
c_15227380880631773319071.png,443,332,nail,217,122,337,236
nails_64.jpg,237,212,nail,80,24,187,129
nails_94.jpg,168,299,nail,4,84,52,134
nails_94.jpg,168,299,nail,51,78,103,130
nails_94.jpg,168,299,nail,99,96,147,144
nails_94.jpg,168,299,nail,145,109,168,148
b_66.jpg,800,499,nail,2,100,148,292
b_66.jpg,800,499,nail,250,241,476,448
b_66.jpg,800,499,nail,584,172,797,365
k_3.jpg,275,183,nail,25,15,103,79
k_3.jpg,275,183,nail,49,64,144,155
k_3.jpg,275,183,nail,92,9,172,80
k_3.jpg,275,183,nail,165,32,229,104
k_3.jpg,275,183,nail,218,56,273,119
b_58.jpg,763,385,nail,75,57,309,277
b_58.jpg,763,385,nail,470,50,690,288
k_58.jpg,100,100,nail,1,2,84,73
b_11.jpg,590,443,nail,159,57,426,278
k_47.jpg,360,222,nail,62,96,134,159
k_47.jpg,360,222,nail,154,142,216,207
k_26_cropped.jpg,516,375,nail,112,46,262,209
k_26_cropped.jpg,516,375,nail,258,56,444,203
k_78.jpg,474,349,nail,79,61,176,159
k_78.jpg,474,349,nail,120,131,242,267
k_78.jpg,474,349,nail,179,77,277,176
k_78.jpg,474,349,nail,276,47,358,160
k_78.jpg,474,349,nail,359,67,435,161
b_63.jpg,310,163,nail,20,28,60,61
b_63.jpg,310,163,nail,101,60,137,96
b_63.jpg,310,163,nail,133,57,168,86
b_63.jpg,310,163,nail,246,4,285,40
c_15227411319961068122277.png,443,332,nail,99,240,122,263
c_15227411319961068122277.png,443,332,nail,119,261,147,288
c_15227411319961068122277.png,443,332,nail,141,266,168,296
c_15227411319961068122277.png,443,332,nail,160,253,184,278
c_15227411319961068122277.png,443,332,nail,269,255,298,276
c_15227411319961068122277.png,443,332,nail,293,265,317,293
c_15227411319961068122277.png,443,332,nail,311,255,336,283
c_15227411319961068122277.png,443,332,nail,330,234,353,256
c_15227411319961068122277.png,443,332,nail,190,174,222,204
c_15227406040151009890215.png,422,278,nail,141,54,342,219
k_10.JPG,1640,1078,nail,406,251,1003,836
nails_62.jpg,900,535,nail,253,141,296,182
nails_62.jpg,900,535,nail,360,120,399,170
nails_62.jpg,900,535,nail,409,130,452,184
nails_62.jpg,900,535,nail,436,178,478,226
nails_62.jpg,900,535,nail,405,421,461,479
nails_62.jpg,900,535,nail,576,112,627,165
nails_4.jpg,267,189,nail,54,78,83,110
nails_4.jpg,267,189,nail,95,35,124,70
nails_4.jpg,267,189,nail,130,13,162,47
nails_4.jpg,267,189,nail,176,35,205,70
nails_35.jpg,640,426,nail,235,26,326,108
nails_35.jpg,640,426,nail,186,235,283,347
nails_35.jpg,640,426,nail,250,312,347,421
k_45.jpg,449,342,nail,1,38,128,187
k_45.jpg,449,342,nail,136,78,282,247
k_45.jpg,449,342,nail,297,165,428,323
b_47.jpg,625,469,nail,201,147,449,318
b_33.png,271,268,nail,14,37,249,224
c_1522738039694363706477.png,443,332,nail,14,137,73,193
c_1522738039694363706477.png,443,332,nail,45,69,93,117
c_1522738039694363706477.png,443,332,nail,133,18,174,60
c_1522738039694363706477.png,443,332,nail,56,252,122,318
b_23.JPG,1640,1078,nail,142,216,834,944
b_50.JPG,1600,1199,nail,1,299,507,824
b_50.JPG,1600,1199,nail,500,497,1000,1010
b_50.JPG,1600,1199,nail,957,349,1510,897
nails_89.jpg,259,194,nail,19,32,131,128
nails_89.jpg,259,194,nail,136,57,236,157
k_35.jpg,732,549,nail,273,189,388,284
k_35.jpg,732,549,nail,309,267,410,357
k_35.jpg,732,549,nail,389,159,465,244
k_35.jpg,732,549,nail,361,358,450,449
k_35.jpg,732,549,nail,484,457,557,536
k_19.jpg,387,261,nail,26,172,89,220
k_19.jpg,387,261,nail,148,210,226,254
k_19.jpg,387,261,nail,233,153,307,215
k_19.jpg,387,261,nail,327,40,378,84
c_1522737649076229939755.png,465,316,nail,127,127,279,280
c_1522737649076229939755.png,465,316,nail,253,40,405,193
c_15227378973241992911753.png,507,290,nail,70,218,122,267
c_15227378973241992911753.png,507,290,nail,136,237,189,278
c_15227378973241992911753.png,507,290,nail,190,181,244,226
c_15227378973241992911753.png,507,290,nail,2,153,41,198
c_15227378973241992911753.png,507,290,nail,267,166,318,211
c_15227378973241992911753.png,507,290,nail,347,223,394,262
c_15227378973241992911753.png,507,290,nail,406,211,450,250
c_15227378973241992911753.png,507,290,nail,466,150,506,191
nails_78.jpg,259,194,nail,77,75,108,102
nails_78.jpg,259,194,nail,109,68,139,98
nails_78.jpg,259,194,nail,73,97,100,128
nails_78.jpg,259,194,nail,157,49,183,81
nails_20.jpg,259,194,nail,15,55,76,125
nails_20.jpg,259,194,nail,80,56,142,129
nails_20.jpg,259,194,nail,140,61,198,144
nails_20.jpg,259,194,nail,195,96,250,160
nails_65.jpg,294,172,nail,6,82,29,116
nails_65.jpg,294,172,nail,37,66,59,98
nails_65.jpg,294,172,nail,101,83,125,115
nails_65.jpg,294,172,nail,149,104,176,142
nails_65.jpg,294,172,nail,191,83,217,119
nails_65.jpg,294,172,nail,252,41,278,73
b_27.jpg,307,164,nail,4,24,149,156
b_27.jpg,307,164,nail,175,37,297,155
c_1522740705893126180640.png,272,185,nail,96,31,258,182
b_69.jpg,270,187,nail,92,56,173,124
c_15227379244101855795912.png,470,313,nail,49,1,87,63
c_15227379244101855795912.png,470,313,nail,130,2,173,50
c_15227379244101855795912.png,470,313,nail,171,42,214,96
c_15227379244101855795912.png,470,313,nail,231,73,283,122
c_15227379244101855795912.png,470,313,nail,281,8,334,64
c_15227379244101855795912.png,470,313,nail,214,244,269,293
c_15227379244101855795912.png,470,313,nail,357,5,407,47
k_80.jpg,741,483,nail,283,329,381,480
k_80.jpg,741,483,nail,332,169,450,316
k_80.jpg,741,483,nail,315,21,424,171
nails_7.jpg,300,350,nail,17,7,289,276
c_1522738764722791379523.png,600,389,nail,29,95,67,134
c_1522738764722791379523.png,600,389,nail,104,35,146,84
c_1522738764722791379523.png,600,389,nail,166,19,208,68
c_1522738764722791379523.png,600,389,nail,227,58,269,107
c_1522738764722791379523.png,600,389,nail,252,181,294,230
c_1522738764722791379523.png,600,389,nail,287,175,329,224
c_1522738764722791379523.png,600,389,nail,348,33,390,82
c_1522738764722791379523.png,600,389,nail,408,1,447,51
c_1522738764722791379523.png,600,389,nail,465,17,504,69
c_1522738764722791379523.png,600,389,nail,536,80,574,125
c_15227391320661755250769.png,432,474,nail,149,223,250,335
c_15227391320661755250769.png,432,474,nail,34,161,132,254
nails_63.jpg,275,183,nail,14,70,95,157
nails_63.jpg,275,183,nail,86,6,182,88
nails_63.jpg,275,183,nail,189,71,255,149
c_1522740995302353659125.png,321,458,nail,158,118,195,153
c_1522740995302353659125.png,321,458,nail,107,80,144,118
c_1522740995302353659125.png,321,458,nail,89,59,125,89
nails_54.jpg,249,202,nail,24,102,74,144
nails_54.jpg,249,202,nail,73,142,123,194
nails_54.jpg,249,202,nail,131,117,178,165
nails_54.jpg,249,202,nail,193,48,235,90
nails_86.jpg,256,192,nail,2,37,105,149
nails_86.jpg,256,192,nail,98,102,236,192
c_1522741314431259464061.png,386,381,nail,30,10,59,39
c_1522741314431259464061.png,386,381,nail,63,1,92,28
c_1522741314431259464061.png,386,381,nail,102,9,128,39
c_1522741314431259464061.png,386,381,nail,157,88,183,117
c_1522741314431259464061.png,386,381,nail,186,90,212,119
c_1522741314431259464061.png,386,381,nail,249,16,275,46
c_1522741314431259464061.png,386,381,nail,298,2,324,31
c_1522741314431259464061.png,386,381,nail,326,13,352,42
c_1522741314431259464061.png,386,381,nail,367,52,386,82
b_26.jpg,742,668,nail,316,25,457,195
b_26.jpg,742,668,nail,574,80,730,291
nails_84.jpg,332,152,nail,89,2,190,90
nails_84.jpg,332,152,nail,188,33,285,140
nails_23.jpg,495,342,nail,40,253,112,330
nails_23.jpg,495,342,nail,114,259,183,332
nails_23.jpg,495,342,nail,199,207,260,277
nails_23.jpg,495,342,nail,236,89,282,148
nails_23.jpg,495,342,nail,292,206,358,280
nails_23.jpg,495,342,nail,359,241,423,310
nails_23.jpg,495,342,nail,414,223,473,295
nails_23.jpg,495,342,nail,451,160,495,210
nails_23.jpg,495,342,nail,1,205,44,257
nails_55.jpg,277,182,nail,20,31,138,121
nails_55.jpg,277,182,nail,133,44,251,163
nails_61.jpg,311,162,nail,1,46,48,111
nails_61.jpg,311,162,nail,45,61,116,132
nails_61.jpg,311,162,nail,146,46,200,126
nails_61.jpg,311,162,nail,241,48,297,115
b_54.jpg,600,519,nail,6,275,96,388
b_54.jpg,600,519,nail,167,80,274,229
b_54.jpg,600,519,nail,275,9,395,132
b_54.jpg,600,519,nail,389,117,503,238
b_54.jpg,600,519,nail,249,177,370,304
b_54.jpg,600,519,nail,377,235,497,379
b_54.jpg,600,519,nail,136,320,259,438
b_7.jpg,640,427,nail,136,1,319,212
b_7.jpg,640,427,nail,319,2,524,212
nails_71.jpg,259,194,nail,5,90,79,143
nails_71.jpg,259,194,nail,66,42,117,104
nails_71.jpg,259,194,nail,113,60,168,130
nails_71.jpg,259,194,nail,159,93,214,154
nails_71.jpg,259,194,nail,192,126,245,169
b_49.jpg,600,400,nail,3,132,171,314
b_49.jpg,600,400,nail,194,49,373,240
b_49.jpg,600,400,nail,371,172,534,340
b_70.png,467,353,nail,13,14,234,202
b_70.png,467,353,nail,239,18,465,233
c_1522737823086809272033.png,450,327,nail,84,143,163,234
c_1522737823086809272033.png,450,327,nail,242,131,331,237
c_1522737823086809272033.png,450,327,nail,325,131,410,216
c_1522737823086809272033.png,450,327,nail,330,64,415,146
b_72.png,174,123,nail,74,2,174,111
b_9.jpg,283,178,nail,18,48,96,116
b_9.jpg,283,178,nail,103,89,200,167
b_9.jpg,283,178,nail,205,48,283,121
nails_5.jpg,276,183,nail,39,109,86,158
nails_5.jpg,276,183,nail,64,71,120,130
nails_5.jpg,276,183,nail,104,45,156,101
nails_5.jpg,276,183,nail,143,9,197,68
k_31.jpg,259,195,nail,117,32,239,174
c_15227388266531616418957.png,506,290,nail,38,83,151,202
c_15227388266531616418957.png,506,290,nail,192,127,330,274
c_15227388266531616418957.png,506,290,nail,356,76,483,197
k_21.jpg,478,289,nail,10,119,106,209
k_21.jpg,478,289,nail,170,177,262,273
k_21.jpg,478,289,nail,285,162,375,246
k_21.jpg,478,289,nail,388,59,468,133
k_68.jpg,300,349,nail,16,267,88,328
k_68.jpg,300,349,nail,123,183,197,249
k_68.jpg,300,349,nail,197,124,278,192
c_1522740910081887022745.png,350,258,nail,135,91,222,174
c_1522740910081887022745.png,350,258,nail,54,70,132,151
c_1522740910081887022745.png,350,258,nail,249,84,320,150
k_62.jpg,100,100,nail,1,17,73,100
b_19.jpg,350,241,nail,59,100,176,198
b_19.jpg,350,241,nail,187,137,285,209
b_1.jpg,271,186,nail,4,81,70,137
b_1.jpg,271,186,nail,76,116,141,173
b_1.jpg,271,186,nail,139,101,197,157
b_1.jpg,271,186,nail,205,32,256,80
nails_11.jpg,324,155,nail,18,42,80,116
nails_11.jpg,324,155,nail,81,44,157,129
nails_11.jpg,324,155,nail,157,47,239,129
nails_11.jpg,324,155,nail,239,48,321,130
b_4.JPG,260,396,nail,5,79,242,349
nails_56.jpg,264,191,nail,1,26,74,96
nails_56.jpg,264,191,nail,105,2,205,98
nails_56.jpg,264,191,nail,85,82,159,172
nails_56.jpg,264,191,nail,156,94,240,181
nails_56.jpg,264,191,nail,204,26,264,97
nails_27.jpg,294,171,nail,1,73,27,105
nails_27.jpg,294,171,nail,33,110,66,148
nails_27.jpg,294,171,nail,73,126,103,165
nails_27.jpg,294,171,nail,130,79,168,111
c_15227411587102119532170.png,400,300,nail,38,166,75,199
c_15227411587102119532170.png,400,300,nail,96,171,133,204
c_15227411587102119532170.png,400,300,nail,152,149,189,182
c_15227411587102119532170.png,400,300,nail,1,134,29,167
c_15227411587102119532170.png,400,300,nail,201,153,238,186
c_15227411587102119532170.png,400,300,nail,263,179,305,215
c_15227411587102119532170.png,400,300,nail,315,159,357,195
c_15227411587102119532170.png,400,300,nail,187,86,229,122
c_15227411587102119532170.png,400,300,nail,154,82,186,116
k_43.jpg,263,162,nail,21,44,74,89
k_43.jpg,263,162,nail,71,28,136,75
k_43.jpg,263,162,nail,101,56,180,131
k_43.jpg,263,162,nail,133,22,198,78
k_43.jpg,263,162,nail,198,34,260,93
nails_70.jpg,225,225,nail,23,11,84,62
nails_70.jpg,225,225,nail,84,51,142,101
nails_70.jpg,225,225,nail,152,151,214,213
nails_38.jpg,299,169,nail,3,64,71,136
nails_38.jpg,299,169,nail,36,6,117,72
nails_38.jpg,299,169,nail,116,16,188,82
nails_38.jpg,299,169,nail,230,85,295,151
b_61.png,166,111,nail,17,22,67,82
b_61.png,166,111,nail,80,8,128,63
b_61.png,166,111,nail,124,50,166,105
b_5.jpg,766,415,nail,188,9,630,395
k_30.jpg,259,194,nail,43,47,132,166
k_30.jpg,259,194,nail,127,45,209,159
c_15227389028381336861252.png,250,169,nail,119,43,175,104
c_15227389028381336861252.png,250,169,nail,54,47,110,108
k_71.jpg,640,480,nail,85,139,309,312
k_71.jpg,640,480,nail,361,135,574,354
b_28.jpg,259,194,nail,15,21,254,191
c_15227395399422100932652.png,320,240,nail,105,163,159,213
c_15227395399422100932652.png,320,240,nail,203,139,247,195
c_15227395399422100932652.png,320,240,nail,246,107,284,157
c_15227395399422100932652.png,320,240,nail,246,75,278,112
c_1522739143781491167359.png,432,349,nail,218,147,293,215
c_1522738621449224610904.png,458,321,nail,44,28,134,118
c_1522738621449224610904.png,458,321,nail,44,115,142,219
c_1522738621449224610904.png,458,321,nail,135,108,238,213
c_1522738621449224610904.png,458,321,nail,123,15,220,114
nails_95.jpg,259,194,nail,51,158,81,191
nails_95.jpg,259,194,nail,81,43,108,67
nails_95.jpg,259,194,nail,132,14,161,40
nails_95.jpg,259,194,nail,166,23,195,50
nails_95.jpg,259,194,nail,205,61,231,90
k_49.jpg,256,256,nail,1,137,55,194
k_49.jpg,256,256,nail,69,150,125,207
k_49.jpg,256,256,nail,110,159,180,231
k_49.jpg,256,256,nail,155,102,248,188
k_49.jpg,256,256,nail,177,178,247,243
k_74.jpg,300,169,nail,63,36,139,132
k_77.jpg,435,297,nail,209,23,405,272
nails_21.jpg,585,390,nail,150,5,286,116
nails_21.jpg,585,390,nail,199,122,322,231
nails_21.jpg,585,390,nail,295,168,411,320
nails_21.jpg,585,390,nail,188,245,302,355
nails_21.jpg,585,390,nail,303,79,420,180
nails_21.jpg,585,390,nail,469,18,584,128
nails_75.jpg,259,194,nail,104,66,171,124
k_38.jpg,231,186,nail,30,41,205,173
nails_25.jpg,297,170,nail,95,113,140,160
nails_25.jpg,297,170,nail,192,111,244,167
nails_25.jpg,297,170,nail,250,94,297,148
nails_25.jpg,297,170,nail,275,52,297,92
nails_83.jpg,259,194,nail,132,113,195,172
nails_83.jpg,259,194,nail,188,90,246,139
nails_83.jpg,259,194,nail,202,51,246,95
c_1522738107681518470123.png,345,200,nail,19,77,86,148
c_1522738107681518470123.png,345,200,nail,82,118,152,197
c_1522738107681518470123.png,345,200,nail,144,98,217,175
c_1522738107681518470123.png,345,200,nail,223,5,291,67
k_60.jpg,100,100,nail,22,8,100,82
b_55.png,399,166,nail,3,41,77,120
b_55.png,399,166,nail,172,75,246,159
b_55.png,399,166,nail,313,13,389,86
c_15227376995991144210532.png,275,183,nail,112,30,260,159
b_72-1.png,362,127,nail,6,51,86,117
b_72-1.png,362,127,nail,104,52,178,119
b_72-1.png,362,127,nail,187,47,266,109
b_72-1.png,362,127,nail,285,46,359,115
b_13.jpg,280,210,nail,14,80,137,178
b_13.jpg,280,210,nail,164,80,265,181
k_20.jpg,400,272,nail,1,52,115,168
k_20.jpg,400,272,nail,164,149,292,263
k_20.jpg,400,272,nail,304,67,400,177
c_15227410086031694002717.png,259,194,nail,39,97,91,153
c_15227410086031694002717.png,259,194,nail,112,35,155,73
b_45.jpg,259,193,nail,24,125,59,150
b_45.jpg,259,193,nail,68,35,98,58
b_45.jpg,259,193,nail,126,11,158,37
b_45.jpg,259,193,nail,170,28,201,62
b_45.jpg,259,193,nail,221,81,251,107
b_36.png,134,110,nail,8,26,32,47
b_36.png,134,110,nail,30,51,57,81
b_36.png,134,110,nail,60,68,88,95
b_36.png,134,110,nail,91,57,117,82
c_15227385839671760526766.png,488,301,nail,66,126,153,210
c_15227385839671760526766.png,488,301,nail,150,102,237,186
c_15227385839671760526766.png,488,301,nail,197,208,284,292
c_15227385839671760526766.png,488,301,nail,277,84,364,168
c_15227385839671760526766.png,488,301,nail,330,197,417,281
c_15227385839671760526766.png,488,301,nail,1,45,71,130
nails_26.jpg,285,177,nail,10,76,49,118
nails_26.jpg,285,177,nail,151,118,191,152
nails_26.jpg,285,177,nail,195,116,237,158
nails_26.jpg,285,177,nail,220,96,262,135
nails_26.jpg,285,177,nail,230,61,256,97
nails_15.jpg,295,171,nail,1,65,74,146
nails_15.jpg,295,171,nail,84,6,196,92
nails_15.jpg,295,171,nail,173,85,275,166
c_15227380614281616294351.png,259,195,nail,127,41,214,116
c_15227380614281616294351.png,259,195,nail,62,15,144,100
c_15227380614281616294351.png,259,195,nail,112,131,191,195
b_57.jpg,159,142,nail,36,44,121,128
nails_9.jpg,299,169,nail,1,66,70,136
nails_9.jpg,299,169,nail,37,1,117,78
nails_9.jpg,299,169,nail,112,15,190,85
nails_9.jpg,299,169,nail,227,90,289,143
b_60.png,126,88,nail,4,27,38,62
b_60.png,126,88,nail,35,48,69,76
b_60.png,126,88,nail,70,10,101,47
b_60.png,126,88,nail,103,17,122,51
c_15227377976171246514895.png,308,231,nail,112,154,147,206
c_15227377976171246514895.png,308,231,nail,149,170,187,217
c_15227377976171246514895.png,308,231,nail,187,150,220,192
c_15227377976171246514895.png,308,231,nail,236,123,264,149
c_15227377976171246514895.png,308,231,nail,48,55,84,98
c_1522738939944184311777.png,503,292,nail,12,135,63,186
c_1522738939944184311777.png,503,292,nail,58,151,126,222
c_1522738939944184311777.png,503,292,nail,127,169,201,230
c_1522738939944184311777.png,503,292,nail,188,148,254,206
c_1522738939944184311777.png,503,292,nail,273,122,328,178
c_1522738939944184311777.png,503,292,nail,318,136,377,196
c_1522738939944184311777.png,503,292,nail,376,133,437,189
c_1522738939944184311777.png,503,292,nail,436,118,487,167
c_1522738911737177199525.png,300,237,nail,4,107,44,150
c_1522738911737177199525.png,300,237,nail,40,161,98,216
c_1522738911737177199525.png,300,237,nail,104,172,162,233
c_1522738911737177199525.png,300,237,nail,178,134,236,201
c_1522738911737177199525.png,300,237,nail,231,1,289,67
c_15227405870831178530467.png,454,324,nail,92,190,159,247
c_15227405870831178530467.png,454,324,nail,43,161,127,213
nails_37.jpg,241,209,nail,4,124,35,156
nails_37.jpg,241,209,nail,79,14,104,40
nails_37.jpg,241,209,nail,126,5,155,33
nails_37.jpg,241,209,nail,161,19,186,51
nails_37.jpg,241,209,nail,211,61,233,91
nails_30.jpg,225,225,nail,9,117,49,159
nails_30.jpg,225,225,nail,13,77,50,109
nails_30.jpg,225,225,nail,50,60,91,95
nails_30.jpg,225,225,nail,111,34,149,69
nails_57.jpg,300,168,nail,25,61,48,86
nails_57.jpg,300,168,nail,61,31,87,59
nails_57.jpg,300,168,nail,89,22,116,49
nails_57.jpg,300,168,nail,111,39,135,71
nails_57.jpg,300,168,nail,119,127,145,156
nails_57.jpg,300,168,nail,141,103,172,136
nails_57.jpg,300,168,nail,144,23,172,53
nails_57.jpg,300,168,nail,164,7,196,38
nails_57.jpg,300,168,nail,202,23,230,51
nails_57.jpg,300,168,nail,252,51,275,74
b_53.jpg,655,400,nail,19,109,185,275
b_53.jpg,655,400,nail,206,157,368,335
b_53.jpg,655,400,nail,381,195,529,361
c_1522741232336636596494.png,260,194,nail,14,27,65,74
c_1522741232336636596494.png,260,194,nail,76,5,127,52
c_1522741232336636596494.png,260,194,nail,125,23,176,70
c_1522741232336636596494.png,260,194,nail,195,79,246,126
c_15227384231701874928176.png,1280,720,nail,383,130,483,236
c_15227384231701874928176.png,1280,720,nail,590,187,646,276
c_15227384231701874928176.png,1280,720,nail,280,396,401,513
c_15227384231701874928176.png,1280,720,nail,640,189,690,254
c_15227384231701874928176.png,1280,720,nail,456,80,540,177
c_15227384231701874928176.png,1280,720,nail,530,93,606,199
c_15227384231701874928176.png,1280,720,nail,674,87,756,184
c_15227384231701874928176.png,1280,720,nail,747,54,836,157
c_15227384231701874928176.png,1280,720,nail,813,91,908,190
c_15227384231701874928176.png,1280,720,nail,904,336,986,416
nails_47.jpg,275,183,nail,105,9,176,80
k_56.jpg,100,100,nail,10,29,98,83
c_1522740696541712831338.png,443,332,nail,117,82,257,240
b_16.jpg,285,177,nail,9,69,72,140
b_16.jpg,285,177,nail,66,73,135,154
b_16.jpg,285,177,nail,129,93,214,172
b_16.jpg,285,177,nail,209,54,283,135
c_152273817097490365742.png,314,400,nail,38,221,82,265
c_152273817097490365742.png,314,400,nail,82,271,135,325
c_152273817097490365742.png,314,400,nail,134,290,189,346
c_152273817097490365742.png,314,400,nail,184,269,241,322
c_15227377865551305972673.png,443,332,nail,18,191,77,237
c_15227377865551305972673.png,443,332,nail,91,30,147,75
c_15227377865551305972673.png,443,332,nail,188,8,242,60
c_15227377865551305972673.png,443,332,nail,288,48,338,106
c_15227377865551305972673.png,443,332,nail,377,154,427,203
nails_42.jpg,299,168,nail,51,6,114,88
nails_42.jpg,299,168,nail,120,20,188,105
nails_42.jpg,299,168,nail,230,33,289,89
nails_42.jpg,299,168,nail,63,83,164,144
nails_93.jpg,229,220,nail,83,5,96,20
nails_93.jpg,229,220,nail,155,86,166,103
nails_93.jpg,229,220,nail,114,10,128,27
nails_93.jpg,229,220,nail,136,21,150,41
nails_93.jpg,229,220,nail,147,50,162,68
nails_93.jpg,229,220,nail,111,92,126,109
nails_93.jpg,229,220,nail,123,106,137,125
nails_93.jpg,229,220,nail,178,95,195,111
nails_93.jpg,229,220,nail,202,107,217,127
nails_93.jpg,229,220,nail,208,132,223,149
nails_93.jpg,229,220,nail,205,157,216,172
nails_68.jpg,250,202,nail,44,51,80,92
nails_68.jpg,250,202,nail,96,96,141,146
nails_68.jpg,250,202,nail,140,124,193,173
nails_68.jpg,250,202,nail,187,89,228,135
nails_80.jpg,272,185,nail,31,71,94,132
nails_80.jpg,272,185,nail,98,91,161,152
nails_80.jpg,272,185,nail,159,91,217,151
nails_80.jpg,272,185,nail,210,44,268,104
nails_80.jpg,272,185,nail,116,6,182,104
nails_29.jpg,800,426,nail,30,67,243,307
nails_29.jpg,800,426,nail,241,82,464,313
nails_29.jpg,800,426,nail,455,104,647,340
nails_29.jpg,800,426,nail,644,145,781,344
k_17.jpg,210,137,nail,15,46,71,100
k_17.jpg,210,137,nail,86,58,142,114
c_15227390364032010100239.png,443,332,nail,195,16,234,75
c_15227390364032010100239.png,443,332,nail,345,66,390,113
c_15227390364032010100239.png,443,332,nail,386,127,432,175
c_15227390364032010100239.png,443,332,nail,369,196,423,248
c_15227390364032010100239.png,443,332,nail,303,273,347,326
b_39.jpg,1300,929,nail,335,125,1017,757
nails_91.jpg,269,187,nail,38,63,160,171
nails_91.jpg,269,187,nail,178,87,269,186
c_1522740682799402147352.png,330,153,nail,102,29,188,108
c_15227390559951393673404.png,298,493,nail,12,142,38,166
c_15227390559951393673404.png,298,493,nail,45,163,72,192
c_15227390559951393673404.png,298,493,nail,79,168,106,199
c_15227390559951393673404.png,298,493,nail,111,153,139,183
c_15227390559951393673404.png,298,493,nail,124,89,150,113
c_15227390559951393673404.png,298,493,nail,153,88,179,112
c_15227390559951393673404.png,298,493,nail,168,156,194,180
c_15227390559951393673404.png,298,493,nail,195,161,220,194
c_15227390559951393673404.png,298,493,nail,259,134,288,160
c_15227390559951393673404.png,298,493,nail,40,292,147,392
c_1522739221654262961844.png,327,289,nail,82,175,164,257
c_1522739221654262961844.png,327,289,nail,10,57,96,141
c_15227389258861020125494.png,200,222,nail,33,172,58,203
c_15227389258861020125494.png,200,222,nail,64,178,93,212
c_15227389258861020125494.png,200,222,nail,100,180,132,218
c_15227389258861020125494.png,200,222,nail,132,171,164,209
c_15227389258861020125494.png,200,222,nail,162,120,199,157
k_59.jpg,100,100,nail,54,52,82,85
k_59.jpg,100,100,nail,18,55,39,83
k_59.jpg,100,100,nail,36,72,61,96
k_2.jpg,495,308,nail,16,4,91,57
k_2.jpg,495,308,nail,112,95,215,199
k_2.jpg,495,308,nail,215,158,333,269
k_2.jpg,495,308,nail,334,104,434,198
b_21.jpg,720,472,nail,187,40,664,412
k_79.jpg,1500,1003,nail,72,28,460,315
k_79.jpg,1500,1003,nail,470,341,932,685
k_79.jpg,1500,1003,nail,935,123,1360,495
nails_74.jpg,244,206,nail,10,133,74,197
nails_74.jpg,244,206,nail,58,107,139,194
nails_74.jpg,244,206,nail,116,64,193,144
nails_74.jpg,244,206,nail,171,41,238,102
k_50.jpg,329,165,nail,114,68,195,155
c_1522738271962889548044.png,641,481,nail,10,156,75,240
c_1522738271962889548044.png,641,481,nail,103,50,183,150
c_1522738271962889548044.png,641,481,nail,184,9,250,111
c_1522738271962889548044.png,641,481,nail,233,76,310,174
c_1522738271962889548044.png,641,481,nail,453,130,524,226
c_1522738271962889548044.png,641,481,nail,523,87,600,186
c_1522738271962889548044.png,641,481,nail,239,364,319,479
c_1522738271962889548044.png,641,481,nail,316,386,402,481
c_1522738881814917894920.png,443,332,nail,193,237,275,309
c_1522738881814917894920.png,443,332,nail,58,172,140,244
c_1522738881814917894920.png,443,332,nail,40,132,101,181
nails_53.jpg,293,172,nail,151,22,223,93
nails_53.jpg,293,172,nail,119,68,195,146
nails_53.jpg,293,172,nail,85,125,157,172
nails_59.jpg,300,250,nail,43,89,84,124
nails_59.jpg,300,250,nail,85,96,125,129
nails_59.jpg,300,250,nail,127,97,164,130
nails_59.jpg,300,250,nail,183,61,219,104
c_15227390196581513871962.png,284,353,nail,64,40,140,148
c_15227390196581513871962.png,284,353,nail,138,3,213,102
c_15227390196581513871962.png,284,353,nail,207,61,282,163
c_15227390196581513871962.png,284,353,nail,1,135,46,223
b_37.jpg,550,449,nail,41,171,163,288
b_37.jpg,550,449,nail,209,174,344,294
b_37.jpg,550,449,nail,283,326,414,449
nails_44.jpg,275,183,nail,29,6,137,132
nails_44.jpg,275,183,nail,142,5,260,138
nails_51.jpg,250,150,nail,62,22,93,58
nails_51.jpg,250,150,nail,78,53,117,92
nails_51.jpg,250,150,nail,113,73,149,109
nails_17.jpg,1100,734,nail,220,185,541,488
nails_17.jpg,1100,734,nail,664,250,991,570
nails_18.jpg,400,250,nail,47,198,120,250
nails_18.jpg,400,250,nail,107,125,192,230
nails_18.jpg,400,250,nail,160,77,284,173
nails_18.jpg,400,250,nail,271,32,383,123
nails_96.jpg,259,194,nail,41,36,86,74
nails_96.jpg,259,194,nail,102,71,150,112
nails_96.jpg,259,194,nail,145,51,191,81
nails_2.jpg,276,183,nail,37,108,84,151
nails_2.jpg,276,183,nail,62,74,119,128
nails_2.jpg,276,183,nail,101,46,155,97
nails_2.jpg,276,183,nail,141,12,200,60
c_1.png,443,332,nail,1,184,67,240
c_1.png,443,332,nail,76,116,141,173
c_1.png,443,332,nail,139,101,197,157
c_1.png,443,332,nail,205,32,256,80
c_1.png,443,332,nail,9,193,49,241
c_1.png,443,332,nail,210,98,250,146
c_1.png,443,332,nail,395,162,435,210
c_1.png,443,332,nail,256,202,314,261
c_1.png,443,332,nail,108,249,166,308
c_1.png,443,332,nail,48,243,106,302
c_1.png,443,332,nail,178,200,236,259
c_1.png,443,332,nail,313,230,371,288
c_1.png,443,332,nail,362,215,414,273
nails_39.jpg,400,267,nail,108,116,168,191
nails_39.jpg,400,267,nail,161,153,222,233
nails_39.jpg,400,267,nail,281,137,347,214
nails_19.jpg,526,395,nail,83,41,190,184
nails_19.jpg,526,395,nail,176,84,276,231
nails_19.jpg,526,395,nail,247,133,350,290
nails_19.jpg,526,395,nail,347,193,442,308
c_1522738634507752136654.png,530,353,nail,129,132,184,196
c_1522738634507752136654.png,530,353,nail,238,120,298,202
c_1522738634507752136654.png,530,353,nail,302,117,355,184
c_1522738634507752136654.png,530,353,nail,180,135,241,213
c_1522738646860613899894.png,530,353,nail,19,120,50,151
c_1522738646860613899894.png,530,353,nail,60,65,94,100
c_1522738646860613899894.png,530,353,nail,97,47,131,82
c_1522738646860613899894.png,530,353,nail,141,65,175,100
c_1522738646860613899894.png,530,353,nail,221,174,255,209
c_1522738646860613899894.png,530,353,nail,262,181,296,216
c_1522738646860613899894.png,530,353,nail,308,43,342,79
c_1522738646860613899894.png,530,353,nail,345,11,379,47
c_1522738646860613899894.png,530,353,nail,374,16,407,57
c_1522738646860613899894.png,530,353,nail,421,45,454,86
k_25.jpg,189,267,nail,7,11,149,139
k_15.jpg,1080,720,nail,116,408,292,566
k_15.jpg,1080,720,nail,422,337,604,496
k_51.jpg,256,256,nail,1,73,38,119
b_8.jpg,227,222,nail,1,107,72,179
b_8.jpg,227,222,nail,71,134,138,206
b_8.jpg,227,222,nail,130,74,185,141
b_8.jpg,227,222,nail,184,94,227,167
c_15227407324171278722518.png,380,278,nail,47,86,138,162
c_15227407324171278722518.png,380,278,nail,135,105,238,173
k_5.jpg,430,442,nail,141,95,283,308
k_5.jpg,430,442,nail,62,288,270,442
nails_60.jpg,283,178,nail,12,56,87,137
nails_60.jpg,283,178,nail,95,80,173,168
nails_60.jpg,283,178,nail,204,27,275,120
k_4.jpg,456,309,nail,80,165,182,245
k_4.jpg,456,309,nail,212,195,311,268
c_15227386673961521623539.png,443,332,nail,37,176,78,226
c_15227386673961521623539.png,443,332,nail,159,221,219,286
c_15227386673961521623539.png,443,332,nail,264,188,330,258
c_15227386673961521623539.png,443,332,nail,367,111,425,167
b_38.jpg,480,360,nail,98,1,339,235
k_29.jpg,259,194,nail,12,26,107,117
k_29.jpg,259,194,nail,190,28,259,113
nails_24.jpg,678,454,nail,117,181,187,285
nails_24.jpg,678,454,nail,151,288,239,409
nails_24.jpg,678,454,nail,250,263,343,381
nails_24.jpg,678,454,nail,388,146,475,246
nails_24.jpg,678,454,nail,582,144,662,262
b_10.jpg,239,211,nail,12,76,114,196
b_10.jpg,239,211,nail,105,10,230,110
b_17.jpg,720,472,nail,127,158,268,332
b_17.jpg,720,472,nail,274,222,407,385
b_17.jpg,720,472,nail,401,166,549,362
b_17.jpg,720,472,nail,535,163,650,330
k_32.jpg,508,519,nail,34,161,121,254
k_32.jpg,508,519,nail,75,282,158,380
k_32.jpg,508,519,nail,237,417,320,503
c_1522738254495230111410.png,170,170,nail,16,61,50,93
c_1522738254495230111410.png,170,170,nail,59,13,92,44
c_1522738254495230111410.png,170,170,nail,93,3,127,33
c_1522738254495230111410.png,170,170,nail,125,26,158,57
b_44.jpg,686,537,nail,387,376,483,467
b_44.jpg,686,537,nail,261,431,354,521
b_44.jpg,686,537,nail,4,260,91,340
k_11.jpg,278,181,nail,62,34,203,161
k_13.jpg,1500,815,nail,120,412,217,521
k_13.jpg,1500,815,nail,226,575,331,696
k_13.jpg,1500,815,nail,322,603,458,751
k_13.jpg,1500,815,nail,443,511,579,659
k_13.jpg,1500,815,nail,925,569,1035,699
k_13.jpg,1500,815,nail,1020,662,1152,804
k_13.jpg,1500,815,nail,1148,622,1272,759
k_13.jpg,1500,815,nail,1274,451,1388,564
k_13.jpg,1500,815,nail,626,117,755,257
k_13.jpg,1500,815,nail,752,122,881,262
nails_3.jpg,300,168,nail,28,40,70,89
nails_3.jpg,300,168,nail,29,95,74,154
nails_3.jpg,300,168,nail,103,106,148,159
nails_3.jpg,300,168,nail,223,81,263,135
c_15227377733542101757705.png,407,268,nail,101,106,191,207
c_15227377733542101757705.png,407,268,nail,188,94,286,187
c_15227377733542101757705.png,407,268,nail,268,85,348,166
c_15227377733542101757705.png,407,268,nail,333,56,407,131
c_15227390994911117091953.png,450,244,nail,194,11,440,232
b_14.jpg,259,194,nail,8,52,131,146
b_14.jpg,259,194,nail,138,77,248,163
